<?xml version="1.0" encoding="utf-8" ?>
<dwsync>
<file name="style.css" server="E:/wamp/www/feedback" local="129977866248509642" remote="129977866240000000" Dst="1" />
<file name="slide1.js" server="E:/wamp/www/feedback" local="129976950872558225" remote="129976950870000000" Dst="1" />
<file name="conn.php" server="E:/wamp/www/feedback" local="129977311440000000" remote="129977311440000000" Dst="1" />
<file name="index.php" server="E:/wamp/www/feedback" local="129977884252962917" remote="129977884250000000" Dst="1" />
<file name="jsDatePick_ltr.min.css" server="E:/wamp/www/feedback" local="129977873523607448" remote="129977873520000000" Dst="1" />
<file name="jsDatePick.min.1.3.js" server="E:/wamp/www/feedback" local="129192263940000000" remote="129192263940000000" Dst="1" />
<file name="jsDatePick_ltr.min.css" server="E:/wamp/www/feedback/" local="129977873523607448" remote="129977873520000000" Dst="1" />
<file name="jsDatePick.min.1.3.js" server="E:/wamp/www/feedback/" local="129192263940000000" remote="129192263940000000" Dst="1" />
<file name="style.css" server="E:/wamp/www/feedback/" local="129978179348546379" remote="129978179340000000" Dst="1" />
<file name="conn.php" server="E:/wamp/www/feedback/" local="129977311440000000" remote="129977311440000000" Dst="1" />
<file name="index.php" server="E:/wamp/www/feedback/" local="129978180031667787" remote="129978180030000000" Dst="1" />
</dwsync>