<?xml version="1.0" encoding="utf-8" ?>
<dwsync>
<file name="logo.png" server="E:/wamp/www/feedback" local="129977699820000000" remote="129977699820000000" Dst="1" />
<file name="image-slider-1.jpg" server="E:/wamp/www/feedback" local="129813792760000000" remote="129813792760000000" Dst="1" />
<file name="image-slider-2.jpg" server="E:/wamp/www/feedback" local="129813793580000000" remote="129813793580000000" Dst="1" />
<file name="image-slider-3.jpg" server="E:/wamp/www/feedback" local="129813795860000000" remote="129813795860000000" Dst="1" />
<file name="image-slider-4.jpg" server="E:/wamp/www/feedback" local="129821728140000000" remote="129821728140000000" Dst="1" />
<file name="image-slider-5.jpg" server="E:/wamp/www/feedback" local="129813796840000000" remote="129813796840000000" Dst="1" />
<file name="thumb2.jpg" server="E:/wamp/www/feedback" local="129813716620000000" remote="129813716620000000" Dst="1" />
<file name="thumb3.jpg" server="E:/wamp/www/feedback" local="129813720240000000" remote="129813720240000000" Dst="1" />
<file name="thumb4.jpg" server="E:/wamp/www/feedback" local="129821729940000000" remote="129821729940000000" Dst="1" />
<file name="thumb5.jpg" server="E:/wamp/www/feedback" local="129813722220000000" remote="129813722220000000" Dst="1" />
<file name="bg.gif" server="E:/wamp/www/feedback/" local="129005974440000000" remote="129005974440000000" Dst="1" />
<file name="header.jpg" server="E:/wamp/www/feedback/" local="129014887320000000" remote="129014887320000000" Dst="1" />
<file name="left_title.png" server="E:/wamp/www/feedback/" local="129978124151954611" remote="129978124150000000" Dst="1" />
<file name="menu.png" server="E:/wamp/www/feedback/" local="129001487600000000" remote="129001487600000000" Dst="1" />
<file name="menuhov.png" server="E:/wamp/www/feedback/" local="129001491300000000" remote="129001491300000000" Dst="1" />
<file name="logo.png" server="E:/wamp/www/feedback/" local="129977699820000000" remote="129977699820000000" Dst="1" />
<file name="image-slider-1.jpg" server="E:/wamp/www/feedback/" local="129978033058819400" remote="129978033050000000" Dst="1" />
<file name="image-slider-2.jpg" server="E:/wamp/www/feedback/" local="129978021761468944" remote="129978021760000000" Dst="1" />
<file name="image-slider-3.jpg" server="E:/wamp/www/feedback/" local="129977903131763388" remote="129977903130000000" Dst="1" />
<file name="image-slider-4.jpg" server="E:/wamp/www/feedback/" local="129821728140000000" remote="129821728140000000" Dst="1" />
<file name="image-slider-5.jpg" server="E:/wamp/www/feedback/" local="129813796840000000" remote="129813796840000000" Dst="1" />
<file name="thumb2.jpg" server="E:/wamp/www/feedback/" local="129978022505600757" remote="129978022500000000" Dst="1" />
<file name="thumb3.jpg" server="E:/wamp/www/feedback/" local="129977893604729297" remote="129977893600000000" Dst="1" />
<file name="thumb4.jpg" server="E:/wamp/www/feedback/" local="129821729940000000" remote="129821729940000000" Dst="1" />
<file name="thumb5.jpg" server="E:/wamp/www/feedback/" local="129813722220000000" remote="129813722220000000" Dst="1" />
</dwsync>